{
  "DQN": {
    "name": "DQN",
    "cumulative_return": 14.11317025681203,
    "annualized_return": 1.61464280227902,
    "annualized_volatility": 0.19332309396617783,
    "sharpe_ratio": 4.721099300488728,
    "max_drawdown": 0.08351408141980894,
    "calmar_ratio": 19.33377910441865,
    "sortino_ratio": 14.39620729155742,
    "n_days": 712,
    "avg_scs": 1.0,
    "min_scs": 0.9999999999999997
  },
  "Equal Weight": {
    "name": "Equal Weight",
    "cumulative_return": 0.3830735571283539,
    "annualized_return": 0.12163030093348648,
    "annualized_volatility": 0.16875094314668185,
    "sharpe_ratio": 0.35720893620661376,
    "max_drawdown": 0.25045811497873494,
    "calmar_ratio": 0.4856313038362261,
    "sortino_ratio": 0.4298838954163156,
    "n_days": 712
  },
  "Momentum": {
    "name": "Momentum",
    "cumulative_return": -0.19159407894935954,
    "annualized_return": -0.07251463568064442,
    "annualized_volatility": 0.3421563995880472,
    "sharpe_ratio": -0.24481459614350115,
    "max_drawdown": 0.7203695227327765,
    "calmar_ratio": -0.10066310885218276,
    "sortino_ratio": -0.45626097708062846,
    "n_days": 712
  },
  "RKAT 6.88%": {
    "name": "RKAT 6.88%",
    "cumulative_return": 0.2145343727147433,
    "annualized_return": 0.07121188456740013,
    "annualized_volatility": 7.8091000304051e-16,
    "sharpe_ratio": 1.6634601440863667e-07,
    "max_drawdown": 0.0,
    "calmar_ratio": 0.0,
    "sortino_ratio": 241188.45674001297,
    "n_days": 712
  }
}